{"cameraMode":{"drawMode":0,"name":"Shaded","section":"Shading Mode"},"sceneLighting":false,"audioPlay":false,"sceneViewState":{"m_AlwaysRefresh":false,"showFog":false,"showSkybox":false,"showFlares":false,"showImageEffects":false,"showParticleSystems":false,"showVisualEffectGraphs":true,"m_FxEnabled":true},"in2DMode":false,"pivot":{"x":0.0023931115865707399,"y":1.3018572330474854,"z":0.16283053159713746},"rotation":{"x":0.0015703006647527218,"y":0.9983742237091065,"z":-0.04526732489466667,"w":0.034759074449539188},"size":0.17449389398097993,"orthographic":false}