{"cameraMode":{"drawMode":0,"name":"Shaded","section":"Shading Mode"},"sceneLighting":false,"audioPlay":false,"sceneViewState":{"m_AlwaysRefresh":false,"showFog":false,"showSkybox":false,"showFlares":false,"showImageEffects":false,"showParticleSystems":false,"showVisualEffectGraphs":true,"m_FxEnabled":true},"in2DMode":false,"pivot":{"x":-0.00000476837158203125,"y":1.2833366394042969,"z":0.05536574125289917},"rotation":{"x":0.23769314587116242,"y":-0.7618230581283569,"z":0.41007936000823977,"w":0.4415557384490967},"size":1.9350512027740479,"orthographic":false}