{"cameraMode":{"drawMode":0,"name":"Shaded","section":"Shading Mode"},"sceneLighting":false,"audioPlay":false,"sceneViewState":{"m_AlwaysRefresh":false,"showFog":false,"showSkybox":false,"showFlares":false,"showImageEffects":false,"showParticleSystems":false,"showVisualEffectGraphs":true,"m_FxEnabled":true},"in2DMode":false,"pivot":{"x":-0.1166771650314331,"y":0.8246252536773682,"z":0.006700754165649414},"rotation":{"x":0.09937693923711777,"y":0.8963014483451843,"z":-0.3484770953655243,"w":0.25560247898101809},"size":1.8985228538513184,"orthographic":false}