{"cameraMode":{"drawMode":0,"name":"Shaded","section":"Shading Mode"},"sceneLighting":false,"audioPlay":false,"sceneViewState":{"m_AlwaysRefresh":false,"showFog":true,"showSkybox":false,"showFlares":true,"showImageEffects":true,"showParticleSystems":true,"showVisualEffectGraphs":true,"m_FxEnabled":true},"in2DMode":false,"pivot":{"x":-0.21855545043945313,"y":1.0070924758911133,"z":0.10870769619941712},"rotation":{"x":0.13963156938552857,"y":0.7104517817497253,"z":-0.14720243215560914,"w":0.673878014087677},"size":3.8582937717437746,"orthographic":false}