{"cameraMode":{"drawMode":0,"name":"Shaded","section":"Shading Mode"},"sceneLighting":false,"audioPlay":false,"sceneViewState":{"m_AlwaysRefresh":false,"showFog":true,"showSkybox":false,"showFlares":true,"showImageEffects":true,"showParticleSystems":true,"showVisualEffectGraphs":true,"m_FxEnabled":true},"in2DMode":false,"pivot":{"x":0.0000776052474975586,"y":1.1600797176361085,"z":0.20451971888542176},"rotation":{"x":0.005529661662876606,"y":0.9935254454612732,"z":-0.09899184107780457,"w":0.055496878921985629},"size":0.9371852278709412,"orthographic":false}